TITLE,FIRST_NAME,LAST_NAME,EMAIL
Mrs,,,
Mr,John,Smith,smith
Mrs,,,
Mr,John,Smith,smith
Mrs,,,
Mr,John,Smith,smith
Mrs,,,
Mr,John,Smith,smith
Mrs,,,
Mr,John,Smith,smith
Mrs,,,
Mr,John,Smith,smith
Mrs,,,
Mr,John,Smith,smith
Mrs,,,
Mr,John,Smith,smith
Mrs,,,
Mr,John,Smith,smith
Mrs,,,
Mr,John,Smith,smith
Mrs,,,
Mr,John,Smith,smith
Mrs,,,
Mr,John,Smith,smith
Mrs,,,
Mr,John,Smith,smith
Mrs,,,
Mr,John,Smith,smith
Mrs,,,
Mr,John,Smith,smith
Mrs,,,
Mr,John,Smith,smith
Mrs,,,
Mr,John,Smith,smith
Mrs,,,
Mr,John,Smith,smith
Mrs,,,
Mr,John,Smith,smith
Mrs,,,
Mr,John,Smith,smith
Mrs,,,
Mr,John,Smith,smith
Mrs,,,
Mr,John,Smith,smith
Mrs,,,
Mr,John,Smith,smith
Mrs,,,
Mr,John,Smith,smith
Mrs,,,
Mr,John,Smith,smith
Mrs,,,
Mr,John,Smith,smith
Mrs,,,
Mr,John,Smith,smith
Mrs,,,
Mr,John,Smith,smith
Mrs,,,
Mr,John,Smith,smith
Mrs,,,
Mr,John,Smith,smith
Mrs,,,
Mr,John,Smith,smith
Mrs,,,
Mr,John,Smith,smith
Mrs,,,
Mr,John,Smith,smith
Mrs,,,
Mr,John,Smith,smith
Mrs,,,
Mr,John,Smith,smith
Mrs,,,
Mr,John,Smith,smith
Mrs,,,
Mr,John,Smith,smith
Mrs,,,
Mr,John,Smith,smith
Mrs,,,
Mr,John,Smith,smith
Mrs,,,
Mr,John,Smith,smith
Mrs,,,
Mr,John,Smith,smith
Mrs,,,
Mr,John,Smith,smith
Mrs,,,
Mr,John,Smith,smith
Mrs,,,
Mr,John,Smith,smith
